<!DOCTYPE hibernate-configuration PUBLIC
        "-//Hibernate/Hibernate Configuration DTD 3.0//EN"
        "http://hibernate.sourceforge.net/hibernate-configuration-3.0.dtd">

<hibernate-configuration>
    <session-factory>
        <property name="hibernate.dialect">org.hibernate.dialect.Oracle10gDialect</property>
        <property name="format_sql">true</property>
        <property name="use_sql_comments">true</property>
        <property name="cache.use_query_cache">false</property>
        <property name="cache.use_second_level_cache">false</property>
        <property name="show_sql">false</property>

        <!--<property name="cache.provider_class">org.hibernate.cache.HashtableCacheProvider</property>-->
        <!--<property name="hibernate.hbm2ddl.auto">create</property>-->
        <!--Hibernate Search-->
        <property name="hibernate.search.default.directory_provider">filesystem</property>
        <property name="hibernate.search.default.indexBase">/temp/hibernateSearchIndex</property>
        
        
        <property name="connection.driver_class">oracle.jdbc.OracleDriver</property>
        <property name="connection.url">jdbc:oracle:thin:@10.8.7.32:1521:MATD01PH</property>
        <property name="connection.username">akapoor</property>
        <property name="connection.password">akapoor</property>

        <!--CP Entities-->
        <mapping class="hibernateSearch.Employee"/>


    </session-factory>
</hibernate-configuration>