--MZ_ORGANIZATION
--DELETE FROM web_authorization ;--where weba_authorization_id between 1 and 100;
--DELETE FROM MT_CUSTOMER ;--where organization_id between 1 and 5;
--DELETE FROM MT_ADDRESS_ROLE;-- where ADDRESS_ROLE_ID between 100 and 500;
--DELETE FROM mt_organization_address;-- where organization_address_id between 10 and 50;
--DELETE FROM MZ_ORGANIZATION;-- WHERE organization_id between 1 and 5;
--COMMIT;
/*
drop table mt_ocean_subscription_config;
drop table mt_kokua_subscription_config;
drop table mt_subscription;
drop table mt_notification;
drop table ml_subscriber_cp_customer;
drop table mt_subscriber;
drop table web_authorization;
drop table mt_customer;
drop table mt_address_role;
drop table mt_organization_address;
drop table mz_organization;
*/
--MZ_ORGANIZATION
INSERT INTO MZ_ORGANIZATION
   (ORGANIZATION_ID, ORGANIZATION_NAME, STATUS, ABBREVIATION)
 VALUES
   (1, 'AMIT INC.', 'A', 'AMIINC');
INSERT INTO MZ_ORGANIZATION
   (ORGANIZATION_ID, ORGANIZATION_NAME, STATUS, ABBREVIATION)
 VALUES
   (2, 'DAVE INC.', 'A', 'DAVINC');
INSERT INTO MZ_ORGANIZATION
   (ORGANIZATION_ID, ORGANIZATION_NAME, STATUS, ABBREVIATION)
 VALUES
   (3, 'STACEY INC.', 'A', 'STAINC');
INSERT INTO MZ_ORGANIZATION
   (ORGANIZATION_ID, ORGANIZATION_NAME, STATUS, ABBREVIATION)
 VALUES
   (4, 'RON INC.', 'A', 'RONINC');
INSERT INTO MZ_ORGANIZATION
   (ORGANIZATION_ID, ORGANIZATION_NAME, STATUS, ABBREVIATION)
 VALUES
   (5, 'STEVE INC.', 'A', 'STEINC');
--COMMIT;

--MT_ORGANIZATION_ADDRESS
INSERT INTO MT_ORGANIZATION_ADDRESS
   (ORGANIZATION_ADDRESS_ID, ADDRESS_LINE, CITY, STATE_CODE, ZIP_CODE,
    COUNTRY, ORGANIZATION_ID)
 VALUES
   (11, '1 AMIT ST', 'PHOENIX', 'AZ', '85040',
    'US', 1);
INSERT INTO MT_ORGANIZATION_ADDRESS
   (ORGANIZATION_ADDRESS_ID, ADDRESS_LINE, CITY, STATE_CODE, ZIP_CODE,
    COUNTRY, ORGANIZATION_ID)
 VALUES
   (12, '2 AMIT ST', 'PHOENIX', 'AZ', '85040',
    'US', 1);
--COMMIT;

--MT_ADDRESS_ROLE
INSERT INTO MT_ADDRESS_ROLE
   (ADDRESS_ROLE_ID, ORGANIZATION_ID, IS_ACTIVE, CO_ORGANIZATION, ORG_NAME_QUALIFIER,
    FAR_EAST_TRADE, GUAM_TRADE, HAWAII_TRADE, MID_PAC_TRADE, PCS_TRADE,
    ORGANIZATION_ADDRESS_ID)
 VALUES
   (110, 1, 'Y', 1, NULL,
    'Y', 'Y', 'Y', 'Y', 'N',
    11);
INSERT INTO MT_ADDRESS_ROLE
   (ADDRESS_ROLE_ID, ORGANIZATION_ID, IS_ACTIVE, CO_ORGANIZATION, ORG_NAME_QUALIFIER,
    FAR_EAST_TRADE, GUAM_TRADE, HAWAII_TRADE, MID_PAC_TRADE, PCS_TRADE,
    ORGANIZATION_ADDRESS_ID)
 VALUES
   (120, 1, 'Y', 1, NULL,
    'Y', 'Y', 'Y', 'Y', 'N',
    11);
--COMMIT;

-- MT_CUSTOMER
INSERT INTO MT_CUSTOMER
  (WEB_ID, FIRST_NAME, LAST_NAME, ADDRESS1,
   CITY, STATE, ZIP_CODE, COUNTRY, EMAIL_ADDRESS,
   ORGANIZATION_ID, STATUS, FAX_COUNTRY_CODE, FAX_NUMBER)
VALUES
  ('AMIINC01', 'AMI', 'INC01', '555 OAKLAND ST',
   'OAKLAND', 'CA', '92001', 'US', 'AMIINC01@AMITINC.COM',
    1, 'A', '+1', '4807365000');
INSERT INTO MT_CUSTOMER
  (WEB_ID, FIRST_NAME, LAST_NAME, ADDRESS1,
   CITY, STATE, ZIP_CODE, COUNTRY, EMAIL_ADDRESS,
   ORGANIZATION_ID, STATUS, FAX_COUNTRY_CODE, FAX_NUMBER)
VALUES
  ('AMIINC02', 'AMI', 'INC02', '555 OAKLAND ST',
   'OAKLAND', 'CA', '92001', 'US', 'AMIINC02@AMITINC.COM',
    1, 'A', '+1', '4807365000');
INSERT INTO MT_CUSTOMER
  (WEB_ID, FIRST_NAME, LAST_NAME, ADDRESS1,
   CITY, STATE, ZIP_CODE, COUNTRY, EMAIL_ADDRESS,
   ORGANIZATION_ID, STATUS, FAX_COUNTRY_CODE, FAX_NUMBER)
VALUES
  ('DAVINC01', 'DAV', 'INC01', '555 OAKLAND ST',
   'OAKLAND', 'CA', '92001', 'US', 'DAVINC01@DAVEINC.COM',
    2, 'A', '+1', '4807365000');
INSERT INTO MT_CUSTOMER
  (WEB_ID, FIRST_NAME, LAST_NAME, ADDRESS1,
   CITY, STATE, ZIP_CODE, COUNTRY, EMAIL_ADDRESS,
   ORGANIZATION_ID, STATUS, FAX_COUNTRY_CODE, FAX_NUMBER)
VALUES
  ('STAINC01', 'STA', 'INC01', '555 OAKLAND ST',
   'OAKLAND', 'CA', '92001', 'US', 'STAINC01@STACEYINC.COM',
    3, 'A', '+1', '4807365000');
INSERT INTO MT_CUSTOMER
  (WEB_ID, FIRST_NAME, LAST_NAME, ADDRESS1,
   CITY, STATE, ZIP_CODE, COUNTRY, EMAIL_ADDRESS,
   ORGANIZATION_ID, STATUS, FAX_COUNTRY_CODE, FAX_NUMBER)
VALUES
  ('RONINC01', 'RON', 'INC01', '555 OAKLAND ST',
   'OAKLAND', 'CA', '92001', 'US', 'RONINC01@RONINC.COM',
    4, 'A', '+1', '4807365000');
INSERT INTO MT_CUSTOMER
  (WEB_ID, FIRST_NAME, LAST_NAME, ADDRESS1,
   CITY, STATE, ZIP_CODE, COUNTRY, EMAIL_ADDRESS,
   ORGANIZATION_ID, STATUS, FAX_COUNTRY_CODE, FAX_NUMBER)
VALUES
  ('STEINC01', 'STE', 'INC01', '555 OAKLAND ST',
   'OAKLAND', 'CA', '92001', 'US', 'STEINC01@STEVEINC.COM',
    5, 'A', '+1', '4807365000');
--COMMIT;

-- WEB_AUTHORIZATION
--AMIINC AUTHORIZATIONS
INSERT INTO WEB_AUTHORIZATION
   (WEBA_WEB_ID, WEBA_AROL_ID, WEBA_TRADE, WEBA_SERVICE_CODE, WEBA_SHMT_PARTY_TYPE, WEBA_AUTHORIZATION_ID)
 VALUES
   ('AMIINC01', 110, 'F', 'ST', '02', 1);
INSERT INTO WEB_AUTHORIZATION
   (WEBA_WEB_ID, WEBA_AROL_ID, WEBA_TRADE, WEBA_SERVICE_CODE, WEBA_SHMT_PARTY_TYPE, WEBA_AUTHORIZATION_ID)
 VALUES
   ('AMIINC02', 110, 'F', 'ST', '02', 2);
INSERT INTO WEB_AUTHORIZATION
   (WEBA_WEB_ID, WEBA_AROL_ID, WEBA_TRADE, WEBA_SERVICE_CODE, WEBA_SHMT_PARTY_TYPE, WEBA_AUTHORIZATION_ID)
 VALUES
   ('AMIINC02', 110, 'G', 'ST', '02', 3);
INSERT INTO WEB_AUTHORIZATION
   (WEBA_WEB_ID, WEBA_AROL_ID, WEBA_TRADE, WEBA_SERVICE_CODE, WEBA_SHMT_PARTY_TYPE, WEBA_AUTHORIZATION_ID)
 VALUES
   ('STEINC01', 120, 'H', 'ST', '02', 4);
INSERT INTO WEB_AUTHORIZATION
   (WEBA_WEB_ID, WEBA_AROL_ID, WEBA_TRADE, WEBA_SERVICE_CODE, WEBA_SHMT_PARTY_TYPE, WEBA_AUTHORIZATION_ID)
 VALUES
   ('STEINC01', 120, 'H', 'ST', '03', 5);
INSERT INTO WEB_AUTHORIZATION
   (WEBA_WEB_ID, WEBA_AROL_ID, WEBA_TRADE, WEBA_SERVICE_CODE, WEBA_SHMT_PARTY_TYPE, WEBA_AUTHORIZATION_ID)
 VALUES
   ('STEINC01', 120, 'G', 'ST', '02', 6);
INSERT INTO WEB_AUTHORIZATION
   (WEBA_WEB_ID, WEBA_AROL_ID, WEBA_TRADE, WEBA_SERVICE_CODE, WEBA_SHMT_PARTY_TYPE, WEBA_AUTHORIZATION_ID)
 VALUES
   ('STEINC01', 120, 'G', 'ST', '03', 7);

--SUBSCRIBER
Insert into MT_SUBSCRIBER
   (SUBSCRIBER_TYPE, SUBSCRIBER_ID)
 Values
   ('OCEAN', 11);
Insert into MT_SUBSCRIBER
   (SUBSCRIBER_TYPE, SUBSCRIBER_ID)
 Values
   ('OCEAN', 12);
Insert into MT_SUBSCRIBER
   (SUBSCRIBER_TYPE, SUBSCRIBER_ID)
 Values
   ('OCEAN', 21);
Insert into MT_SUBSCRIBER
   (SUBSCRIBER_TYPE, SUBSCRIBER_ID)
 Values
   ('OCEAN', 31);
Insert into MT_SUBSCRIBER
   (SUBSCRIBER_TYPE, SUBSCRIBER_ID)
 Values
   ('OCEAN', 41);
Insert into MT_SUBSCRIBER
   (SUBSCRIBER_TYPE, SUBSCRIBER_ID)
 Values
   ('OCEAN', 51);
--ml_subscriber_cp_customer
SET DEFINE OFF;
Insert into ML_SUBSCRIBER_CP_CUSTOMER
   (WEB_ID, SUBSCRIBER_ID)
 Values
   ('AMIINC01', 11);
Insert into ML_SUBSCRIBER_CP_CUSTOMER
   (WEB_ID, SUBSCRIBER_ID)
 Values
   ('AMIINC02', 12);
Insert into ML_SUBSCRIBER_CP_CUSTOMER
   (WEB_ID, SUBSCRIBER_ID)
 Values
   ('DAVINC01', 21);
Insert into ML_SUBSCRIBER_CP_CUSTOMER
   (WEB_ID, SUBSCRIBER_ID)
 Values
   ('STAINC01', 31);
Insert into ML_SUBSCRIBER_CP_CUSTOMER
   (WEB_ID, SUBSCRIBER_ID)
 Values
   ('RONINC01', 41);
Insert into ML_SUBSCRIBER_CP_CUSTOMER
   (WEB_ID, SUBSCRIBER_ID)
 Values
   ('STEINC01', 51);
--COMMIT;

--NOTIFICATION
Insert into MT_NOTIFICATION
   (NOTIFICATION_ID, NOTIFICATION_NAME)
 Values
   (1, 'LTV');
Insert into MT_NOTIFICATION
   (NOTIFICATION_ID, NOTIFICATION_NAME)
 Values
   (2, 'DFV');

COMMIT;
